s1,s2,s3,s4,s5,s6,s7,s8,s9,s10,s11,s12,s13,s14,s15,s16,s17,s18,s19,s20,s21,s22,s23,s24,s25,s26,s27,s28,s29,s30,s31,s32,s33,s34,s35,s36,label
1.07,0.013,0.0,0.343,0.29,1.333,1.957,1.044,0.959,0.0,0.275,0.0,0.079,0.882,1.079,0.705,0.038,0.0,0.338,0.967,0.945,0.747,0.044,0.0,1.6,1.308,1.492,2.25,0.0,0.102,0.83,0.468,0.845,0.81,0.393,0.0,front
0.867,0.0,0.0,0.242,0.28,0.0,0.391,1.013,1.0,0.0,0.35,0.0,0.211,1.088,1.175,0.771,0.1,0.0,0.415,0.991,1.023,0.747,0.044,0.0,1.337,0.892,1.108,0.0,0.0,0.0,1.078,1.298,1.02,0.0,0.375,0.0,front
1.091,0.0,0.0,0.222,0.285,0.0,0.739,1.004,0.997,0.0,0.325,0.0,0.974,2.059,1.698,1.057,0.475,0.055,0.385,0.985,1.008,0.747,0.027,0.0,1.312,0.862,0.954,0.0,0.0,0.0,0.851,0.574,0.878,0.0,0.372,0.0,front
1.091,0.502,0.0,0.253,0.28,0.0,0.261,1.0,0.994,0.0,0.3,0.0,1.0,2.0,1.397,0.781,0.075,0.0,0.369,0.982,1.0,0.747,0.033,0.0,1.312,0.846,0.831,0.0,0.0,0.0,0.851,0.553,0.878,0.0,0.375,0.0,front
1.077,0.544,0.0,0.242,0.28,0.0,0.478,1.15,1.058,0.001,0.325,0.0,0.158,1.0,1.127,0.743,0.075,0.0,0.4,1.018,1.219,1.084,0.17,1.353,1.3,0.846,1.015,0.0,0.0,0.0,0.844,0.532,0.919,0.0,0.436,0.0,front
1.084,0.598,0.0,0.273,0.28,0.0,0.826,0.996,0.992,0.0,0.275,0.0,0.158,0.971,1.127,0.752,0.075,0.0,0.385,0.982,1.0,0.747,0.027,0.0,1.3,0.831,0.969,0.0,0.0,0.0,0.851,0.362,1.014,0.024,0.418,0.0,front
1.091,0.55,0.0,0.303,0.285,0.0,2.304,1.048,0.997,0.0,0.3,0.0,0.184,0.971,1.127,0.762,0.087,0.0,0.446,0.985,1.0,0.768,0.033,0.0,1.312,0.862,1.031,0.0,0.0,0.0,0.851,0.532,0.919,0.0,0.448,0.008,front
0.832,0.0,0.0,0.202,0.215,0.0,0.391,1.009,0.961,0.0,0.3,0.0,0.053,0.853,1.079,0.714,0.038,0.0,0.323,0.97,1.062,1.021,0.121,0.0,1.225,0.8,0.969,0.0,0.0,0.0,0.83,0.468,0.838,0.738,0.341,0.0,front
0.853,0.585,0.0,0.242,0.275,0.0,0.87,0.996,0.992,0.0,0.3,0.0,0.132,0.971,1.111,0.752,0.075,0.0,0.385,0.979,0.992,0.747,0.027,0.0,1.288,0.831,0.985,0.0,0.0,0.0,0.851,0.511,0.872,0.952,0.378,0.0,front
0.853,0.528,0.0,0.263,0.275,0.0,0.826,1.0,0.992,0.0,0.3,0.0,0.184,1.0,1.127,0.762,0.087,0.0,0.385,0.979,0.992,0.758,0.033,0.0,1.425,1.231,1.462,0.0,0.0,0.0,0.851,0.532,0.872,0.976,0.381,0.0,front
1.098,0.597,0.0,0.313,0.285,0.0,2.304,1.031,0.992,0.0,0.325,0.0,0.184,1.0,1.127,0.762,0.087,0.0,0.415,0.979,1.0,0.758,0.033,0.0,1.312,0.862,1.0,0.0,0.0,0.0,1.092,1.255,1.095,0.857,0.424,0.0,front
1.091,0.606,0.0,0.364,0.29,0.0,2.304,1.145,1.03,0.0,0.3,0.0,0.184,1.0,1.127,0.762,0.087,0.0,0.415,0.982,1.0,0.758,0.033,0.0,1.687,1.123,1.031,0.0,0.0,0.0,1.057,1.106,0.946,0.595,0.384,0.0,front
0.86,0.591,0.0,0.283,0.285,0.0,0.0,1.0,0.989,0.0,0.3,0.0,0.0,0.765,1.0,0.695,0.0,0.0,0.308,0.958,0.937,0.684,0.0,0.0,1.212,0.723,0.892,0.0,0.0,0.0,0.801,0.362,0.824,0.024,0.369,0.0,front
0.86,0.593,0.0,0.313,0.285,0.0,0.0,1.004,0.989,0.0,0.3,0.0,0.737,1.971,1.698,1.086,0.488,0.07,0.446,0.982,1.0,0.768,0.033,0.0,1.312,0.846,0.892,1.0,0.0,0.0,1.057,1.234,1.108,1.143,0.466,0.0,front
0.86,0.595,0.0,0.313,0.285,0.0,0.0,1.0,0.989,0.0,0.3,0.0,0.316,1.559,1.619,1.076,0.488,0.062,0.431,0.982,1.0,0.758,0.033,0.0,1.487,0.908,1.046,0.0,0.0,0.058,0.901,0.574,0.878,0.929,0.384,0.0,front
1.084,0.638,0.0,0.343,0.285,0.0,1.087,1.132,1.041,0.0,0.3,0.0,1.026,1.971,1.492,0.8,0.175,0.0,0.677,0.991,1.031,0.947,0.148,1.059,1.3,0.831,1.015,0.0,0.0,0.0,0.844,0.511,0.872,0.738,0.384,0.0,front
0.86,0.612,0.0,0.323,0.29,0.0,0.696,1.0,0.994,0.0,0.3,0.0,0.184,1.029,1.286,1.019,0.463,0.062,0.431,0.982,0.992,0.758,0.033,0.0,1.312,0.846,1.015,0.0,0.0,0.0,0.865,0.553,0.885,0.024,0.387,0.0,front
0.853,0.617,0.0,0.323,0.29,0.0,0.609,1.0,0.994,0.0,0.775,0.0,0.211,1.029,1.143,0.771,0.112,0.0,0.462,0.982,1.031,0.968,0.154,1.059,1.325,0.846,1.031,0.0,0.0,0.0,0.851,0.532,0.878,0.0,0.381,0.0,front
1.091,0.677,0.0,0.303,0.29,0.0,2.217,1.15,1.08,0.0,1.15,0.0,0.974,1.971,1.683,1.067,0.475,0.062,0.908,1.082,1.258,1.095,0.165,1.059,1.312,0.846,1.031,0.0,0.0,0.0,0.851,0.553,0.885,0.0,0.384,0.0,front
0.846,0.617,0.0,0.061,0.29,0.0,0.652,1.0,0.809,0.0,0.3,0.0,0.184,1.0,1.143,0.771,0.1,0.0,0.923,1.088,0.797,1.105,0.17,0.176,1.312,0.846,1.031,0.0,0.0,0.0,0.851,0.532,0.878,0.0,0.381,0.0,front
1.091,0.675,0.005,0.283,0.295,0.0,2.174,1.101,0.903,0.0,0.3,0.0,0.237,1.029,1.317,1.01,0.463,0.055,0.415,0.982,0.992,0.758,0.033,0.0,1.312,0.831,1.031,0.0,0.0,0.0,0.851,0.66,1.041,0.905,0.415,0.0,front
1.084,0.643,0.0,0.384,0.305,0.0,0.652,1.0,0.953,0.0,0.3,0.0,0.605,1.765,1.302,0.8,0.1,0.0,0.431,0.988,0.984,0.758,0.038,0.0,1.35,1.169,1.538,4.25,0.0,0.088,0.851,0.532,0.878,0.762,0.445,0.001,front
1.098,0.694,0.0,0.515,0.315,0.0,2.174,1.15,0.983,0.016,0.4,0.0,0.211,1.0,1.127,0.781,0.1,0.0,0.6,0.991,0.914,0.768,0.038,0.0,1.312,0.862,1.046,0.0,0.0,0.0,1.035,0.681,0.892,0.0,0.384,0.0,front
1.091,0.652,0.0,0.667,0.415,0.0,0.0,1.004,0.79,0.0,1.025,0.0,0.474,1.059,1.143,0.781,0.087,0.0,0.446,0.985,0.969,0.737,0.033,0.0,1.312,0.862,1.169,2.5,0.0,0.0,0.858,0.745,1.061,1.81,0.424,0.0,front
1.091,0.56,0.0,0.01,0.305,0.0,0.826,1.0,0.583,0.0,0.3,0.0,0.211,0.912,1.127,0.771,0.1,0.0,0.446,0.982,0.977,0.768,0.038,0.0,1.312,0.846,1.031,0.0,0.0,0.0,0.851,0.532,0.892,0.262,0.396,0.0,front
0.846,0.582,0.0,0.283,0.295,0.0,0.87,1.004,0.641,0.0,0.3,0.0,0.211,0.971,1.127,0.781,0.1,0.0,0.462,0.988,1.0,0.789,0.055,0.0,1.312,0.862,1.108,1.75,0.0,0.0,0.851,0.511,0.885,0.0,0.387,0.0,front
1.084,0.0,0.0,0.394,0.31,0.0,0.87,1.0,0.682,0.0,0.3,0.0,0.211,0.971,1.143,0.81,0.162,0.0,0.446,0.982,0.992,0.779,0.049,0.0,1.725,1.215,1.108,0.0,0.0,0.0,0.851,0.511,0.878,0.0,0.399,0.0,front
1.091,0.0,0.0,0.414,0.315,0.0,0.87,1.0,0.0,0.0,0.325,0.0,0.237,1.0,1.159,0.8,0.1,0.0,0.477,0.988,1.008,0.811,0.06,0.0,1.725,1.338,1.246,0.0,0.0,0.0,0.858,0.532,0.885,0.857,0.409,0.0,front
1.098,0.0,0.0,0.364,0.31,0.0,0.696,1.0,0.0,0.0,0.3,0.0,0.211,0.853,1.127,0.781,0.1,0.0,0.446,0.985,1.008,0.8,0.055,0.0,1.312,0.846,1.077,0.0,0.0,0.0,0.858,0.553,0.892,0.0,0.409,0.0,front
1.098,0.0,0.032,0.485,0.315,0.0,0.913,1.009,0.0,0.0,1.125,0.0,0.237,1.088,1.413,1.057,0.488,0.047,0.446,0.985,1.008,0.8,0.055,0.0,1.312,0.846,1.031,0.0,0.0,0.0,0.865,0.553,0.892,0.0,0.412,0.0,front
1.091,0.0,0.0,0.343,0.28,0.0,0.522,1.0,0.992,0.0,0.3,0.0,0.211,0.971,1.143,0.79,0.112,0.0,0.923,1.088,1.258,1.147,0.22,1.294,1.312,0.846,1.031,0.0,0.0,0.0,0.858,0.532,0.885,0.0,0.381,0.0,front
0.944,0.0,0.0,0.394,0.305,0.0,1.0,1.004,0.95,0.0,0.275,0.0,0.237,0.971,1.127,0.781,0.1,0.0,0.862,1.069,1.086,0.8,0.055,0.0,1.587,0.938,1.046,0.0,0.0,0.0,0.993,1.149,1.061,0.0,0.409,0.0,front
1.084,0.0,0.0,0.485,0.315,0.0,0.87,1.053,0.986,0.0,1.125,0.0,0.211,0.941,1.127,0.848,0.338,0.023,0.508,0.985,1.0,0.737,0.055,0.0,1.312,0.846,1.0,0.0,0.0,0.0,0.858,0.511,0.885,0.357,0.402,0.0,front
1.098,0.584,0.0,0.384,0.305,0.0,2.348,1.15,0.898,0.0,0.325,0.0,1.079,1.941,1.429,0.886,0.325,0.023,0.538,0.988,0.875,1.021,0.17,0.588,1.312,0.923,1.354,3.5,0.0,0.0,0.865,0.532,0.892,1.0,0.405,0.0,front
1.091,0.616,0.0,0.424,0.31,0.833,2.304,1.018,0.807,0.0,0.3,0.0,0.237,0.941,1.127,0.79,0.087,0.0,0.462,0.985,0.992,0.768,0.038,0.0,1.275,1.154,1.477,4.25,0.0,0.102,0.858,0.745,1.068,0.238,0.482,0.0,front
1.084,0.632,0.0,0.737,0.45,4.333,2.391,1.145,0.945,0.0,1.0,0.0,1.079,1.941,1.429,0.829,0.1,0.0,0.462,0.982,0.984,0.789,0.038,0.0,1.312,0.846,1.015,0.0,0.0,0.0,0.865,0.532,0.892,0.048,0.409,0.0,front
1.098,0.637,0.008,0.525,0.315,0.0,0.913,1.0,0.878,0.0,0.3,0.0,1.053,1.971,1.556,0.867,0.15,0.0,0.538,0.985,1.016,0.989,0.165,1.294,1.312,0.846,1.015,0.0,0.0,0.0,1.106,1.021,0.932,0.667,0.412,0.0,front
0.86,0.63,0.0,0.424,0.305,0.0,0.87,0.996,0.862,0.0,0.275,0.0,0.237,1.029,1.349,1.057,0.475,0.055,0.462,0.982,0.992,0.768,0.033,0.0,1.325,0.846,1.015,0.0,0.0,0.0,0.865,0.532,0.899,0.333,0.409,0.0,front
0.86,0.63,0.0,0.424,0.305,0.0,0.87,0.996,0.862,0.0,0.275,0.0,0.237,1.029,1.349,1.057,0.475,0.055,0.462,0.982,0.992,0.768,0.033,0.0,1.325,0.846,1.015,0.0,0.0,0.0,0.865,0.532,0.899,0.333,0.409,0.0,front
0.86,0.63,0.0,0.424,0.305,0.0,0.87,0.996,0.862,0.0,0.275,0.0,0.237,1.029,1.349,1.057,0.475,0.055,0.462,0.982,0.992,0.768,0.033,0.0,1.325,0.846,1.015,0.0,0.0,0.0,0.865,0.532,0.899,0.333,0.409,0.0,front
0.86,0.63,0.0,0.424,0.305,0.0,0.87,0.996,0.862,0.0,0.275,0.0,0.237,1.029,1.349,1.057,0.475,0.055,0.462,0.982,0.992,0.768,0.033,0.0,1.325,0.846,1.015,0.0,0.0,0.0,0.865,0.532,0.899,0.333,0.409,0.0,front
0.86,0.63,0.0,0.424,0.305,0.0,0.87,0.996,0.862,0.0,0.275,0.0,0.237,1.029,1.349,1.057,0.475,0.055,0.462,0.982,0.992,0.768,0.033,0.0,1.325,0.846,1.015,0.0,0.0,0.0,0.865,0.532,0.899,0.333,0.409,0.0,front
0.86,0.63,0.0,0.424,0.305,0.0,0.87,0.996,0.862,0.0,0.275,0.0,0.237,1.029,1.349,1.057,0.475,0.055,0.462,0.982,0.992,0.768,0.033,0.0,1.325,0.846,1.015,0.0,0.0,0.0,0.865,0.532,0.899,0.333,0.409,0.0,front
0.86,0.63,0.0,0.424,0.305,0.0,0.87,0.996,0.862,0.0,0.275,0.0,0.237,1.029,1.349,1.057,0.475,0.055,0.462,0.982,0.992,0.768,0.033,0.0,1.325,0.846,1.015,0.0,0.0,0.0,0.865,0.532,0.899,0.333,0.409,0.0,front
0.86,0.63,0.0,0.424,0.305,0.0,0.87,0.996,0.862,0.0,0.275,0.0,0.237,1.029,1.349,1.057,0.475,0.055,0.462,0.982,0.992,0.768,0.033,0.0,1.325,0.846,1.015,0.0,0.0,0.0,0.865,0.532,0.899,0.333,0.409,0.0,front
0.86,0.63,0.0,0.424,0.305,0.0,0.87,0.996,0.862,0.0,0.275,0.0,0.237,1.029,1.349,1.057,0.475,0.055,0.462,0.982,0.992,0.768,0.033,0.0,1.325,0.846,1.015,0.0,0.0,0.0,0.865,0.532,0.899,0.333,0.409,0.0,front
0.86,0.63,0.0,0.424,0.305,0.0,0.87,0.996,0.862,0.0,0.275,0.0,0.237,1.029,1.349,1.057,0.475,0.055,0.462,0.982,0.992,0.768,0.033,0.0,1.325,0.846,1.015,0.0,0.0,0.0,0.865,0.532,0.899,0.333,0.409,0.0,front
0.86,0.63,0.0,0.424,0.305,0.0,0.87,0.996,0.862,0.0,0.275,0.0,0.237,1.029,1.349,1.057,0.475,0.055,0.462,0.982,0.992,0.768,0.033,0.0,1.325,0.846,1.015,0.0,0.0,0.0,0.865,0.532,0.899,0.333,0.409,0.0,front
0.86,0.63,0.0,0.424,0.305,0.0,0.87,0.996,0.862,0.0,0.275,0.0,0.237,1.029,1.349,1.057,0.475,0.055,0.462,0.982,0.992,0.768,0.033,0.0,1.325,0.846,1.015,0.0,0.0,0.0,0.865,0.532,0.899,0.333,0.409,0.0,front
0.86,0.63,0.0,0.424,0.305,0.0,0.87,0.996,0.862,0.0,0.275,0.0,0.237,1.029,1.349,1.057,0.475,0.055,0.462,0.982,0.992,0.768,0.033,0.0,1.325,0.846,1.015,0.0,0.0,0.0,0.865,0.532,0.899,0.333,0.409,0.0,front
0.86,0.63,0.0,0.424,0.305,0.0,0.87,0.996,0.862,0.0,0.275,0.0,0.237,1.029,1.349,1.057,0.475,0.055,0.462,0.982,0.992,0.768,0.033,0.0,1.325,0.846,1.015,0.0,0.0,0.0,0.865,0.532,0.899,0.333,0.409,0.0,front
0.86,0.63,0.0,0.424,0.305,0.0,0.87,0.996,0.862,0.0,0.275,0.0,0.237,1.029,1.349,1.057,0.475,0.055,0.462,0.982,0.992,0.768,0.033,0.0,1.325,0.846,1.015,0.0,0.0,0.0,0.865,0.532,0.899,0.333,0.409,0.0,front
1.098,0.647,0.024,0.566,0.32,0.0,0.913,0.974,0.901,0.0,1.125,0.0,0.237,0.971,1.222,1.019,0.475,0.0,0.462,0.982,0.992,0.747,0.044,0.412,1.638,0.954,1.108,1.0,0.0,0.073,0.887,0.872,1.074,0.69,0.479,0.0,front
1.098,0.647,0.024,0.566,0.32,0.0,0.913,0.974,0.901,0.0,1.125,0.0,0.237,0.971,1.222,1.019,0.475,0.0,0.462,0.982,0.992,0.747,0.044,0.412,1.638,0.954,1.108,1.0,0.0,0.073,0.887,0.872,1.074,0.69,0.479,0.0,front
1.098,0.647,0.024,0.566,0.32,0.0,0.913,0.974,0.901,0.0,1.125,0.0,0.237,0.971,1.222,1.019,0.475,0.0,0.462,0.982,0.992,0.747,0.044,0.412,1.638,0.954,1.108,1.0,0.0,0.073,0.887,0.872,1.074,0.69,0.479,0.0,front
1.098,0.647,0.024,0.566,0.32,0.0,0.913,0.974,0.901,0.0,1.125,0.0,0.237,0.971,1.222,1.019,0.475,0.0,0.462,0.982,0.992,0.747,0.044,0.412,1.638,0.954,1.108,1.0,0.0,0.073,0.887,0.872,1.074,0.69,0.479,0.0,front
1.126,0.597,0.0,0.677,0.47,4.833,0.783,1.013,0.901,0.0,1.125,0.0,1.158,2.088,1.73,1.133,0.525,0.047,0.877,1.018,1.031,0.832,0.049,0.0,1.362,0.892,1.092,0.0,0.0,0.0,1.092,0.83,0.926,1.143,0.439,0.0,front
1.126,0.597,0.0,0.677,0.47,4.833,0.783,1.013,0.901,0.0,1.125,0.0,1.158,2.088,1.73,1.133,0.525,0.047,0.877,1.018,1.031,0.832,0.049,0.0,1.362,0.892,1.092,0.0,0.0,0.0,1.092,0.83,0.926,1.143,0.439,0.0,front
1.126,0.597,0.0,0.677,0.47,4.833,0.783,1.013,0.901,0.0,1.125,0.0,1.158,2.088,1.73,1.133,0.525,0.047,0.877,1.018,1.031,0.832,0.049,0.0,1.362,0.892,1.092,0.0,0.0,0.0,1.092,0.83,0.926,1.143,0.439,0.0,front
1.126,0.597,0.0,0.677,0.47,4.833,0.783,1.013,0.901,0.0,1.125,0.0,1.158,2.088,1.73,1.133,0.525,0.047,0.877,1.018,1.031,0.832,0.049,0.0,1.362,0.892,1.092,0.0,0.0,0.0,1.092,0.83,0.926,1.143,0.439,0.0,front
1.014,0.543,0.0,0.677,0.43,3.667,1.304,1.115,1.08,0.0,1.175,0.0,0.263,0.912,1.349,1.076,0.488,0.0,0.431,0.991,1.023,0.821,0.143,1.353,1.663,1.369,1.585,5.0,0.0,0.117,0.915,0.915,1.095,0.0,0.405,0.0,front
1.014,0.543,0.0,0.677,0.43,3.667,1.304,1.115,1.08,0.0,1.175,0.0,0.263,0.912,1.349,1.076,0.488,0.0,0.431,0.991,1.023,0.821,0.143,1.353,1.663,1.369,1.585,5.0,0.0,0.117,0.915,0.915,1.095,0.0,0.405,0.0,front
1.014,0.543,0.0,0.677,0.43,3.667,1.304,1.115,1.08,0.0,1.175,0.0,0.263,0.912,1.349,1.076,0.488,0.0,0.431,0.991,1.023,0.821,0.143,1.353,1.663,1.369,1.585,5.0,0.0,0.117,0.915,0.915,1.095,0.0,0.405,0.0,front
1.014,0.543,0.0,0.677,0.43,3.667,1.304,1.115,1.08,0.0,1.175,0.0,0.263,0.912,1.349,1.076,0.488,0.0,0.431,0.991,1.023,0.821,0.143,1.353,1.663,1.369,1.585,5.0,0.0,0.117,0.915,0.915,1.095,0.0,0.405,0.0,front
1.014,0.543,0.0,0.677,0.43,3.667,1.304,1.115,1.08,0.0,1.175,0.0,0.263,0.912,1.349,1.076,0.488,0.0,0.431,0.991,1.023,0.821,0.143,1.353,1.663,1.369,1.585,5.0,0.0,0.117,0.915,0.915,1.095,0.0,0.405,0.0,front
1.084,0.657,0.069,0.505,0.325,0.0,1.174,1.013,0.97,0.0,0.35,0.0,0.368,1.088,1.175,0.829,0.125,0.0,0.862,1.006,1.023,0.811,0.148,1.412,1.35,0.892,1.108,0.75,0.0,0.102,0.915,0.957,1.108,0.714,0.421,0.0,front
1.084,0.657,0.069,0.505,0.325,0.0,1.174,1.013,0.97,0.0,0.35,0.0,0.368,1.088,1.175,0.829,0.125,0.0,0.862,1.006,1.023,0.811,0.148,1.412,1.35,0.892,1.108,0.75,0.0,0.102,0.915,0.957,1.108,0.714,0.421,0.0,front
1.084,0.657,0.069,0.505,0.325,0.0,1.174,1.013,0.97,0.0,0.35,0.0,0.368,1.088,1.175,0.829,0.125,0.0,0.862,1.006,1.023,0.811,0.148,1.412,1.35,0.892,1.108,0.75,0.0,0.102,0.915,0.957,1.108,0.714,0.421,0.0,front
1.084,0.657,0.069,0.505,0.325,0.0,1.174,1.013,0.97,0.0,0.35,0.0,0.368,1.088,1.175,0.829,0.125,0.0,0.862,1.006,1.023,0.811,0.148,1.412,1.35,0.892,1.108,0.75,0.0,0.102,0.915,0.957,1.108,0.714,0.421,0.0,front
1.084,0.657,0.069,0.505,0.325,0.0,1.174,1.013,0.97,0.0,0.35,0.0,0.368,1.088,1.175,0.829,0.125,0.0,0.862,1.006,1.023,0.811,0.148,1.412,1.35,0.892,1.108,0.75,0.0,0.102,0.915,0.957,1.108,0.714,0.421,0.0,front
1.112,0.654,0.082,0.556,0.325,0.0,1.043,1.013,0.928,0.0,0.375,0.0,0.368,1.206,1.444,1.114,0.425,0.0,0.538,0.997,1.062,1.063,0.181,0.176,1.5,0.938,1.092,0.0,0.0,0.0,0.879,0.66,1.074,1.024,0.476,0.0,front
1.084,0.663,0.0,0.465,0.32,0.0,1.13,1.009,0.917,0.0,0.375,0.0,1.105,1.353,1.254,1.0,0.45,0.0,0.523,0.988,1.023,0.811,0.044,0.0,1.337,0.877,1.062,0.0,0.0,0.0,0.872,0.574,0.905,0.643,0.399,0.0,front
1.098,0.665,0.048,0.747,0.455,4.667,0.957,1.004,0.914,0.0,0.325,0.0,0.342,1.059,1.143,0.819,0.112,0.0,0.523,0.988,1.008,0.663,0.033,0.0,1.337,0.862,1.062,0.0,0.0,0.0,0.872,0.553,0.905,0.905,0.399,0.0,front
1.091,0.633,0.069,0.596,0.315,0.0,2.435,1.137,0.931,0.0,0.3,0.0,0.316,1.029,1.127,0.819,0.1,0.0,0.523,0.988,1.008,0.821,0.027,0.0,1.337,0.862,1.062,0.0,0.0,0.0,1.099,1.277,1.122,1.548,0.463,0.0,front
1.091,0.65,0.112,0.556,0.31,0.0,1.609,1.009,0.901,0.0,0.875,0.0,0.316,1.029,1.127,0.81,0.1,0.0,0.523,0.985,1.008,0.821,0.022,0.0,1.337,0.862,1.046,0.0,0.0,0.0,0.865,0.553,0.905,0.833,0.399,0.0,front
1.091,0.654,0.074,0.495,0.3,0.0,1.13,1.093,0.961,0.016,0.4,0.0,0.316,1.029,1.143,0.81,0.1,0.0,0.523,0.985,1.008,0.811,0.016,0.0,1.35,0.862,1.046,0.0,0.0,0.0,0.865,0.532,0.899,0.952,0.399,0.0,front
1.091,0.657,0.122,0.556,0.305,0.0,2.348,1.154,0.948,0.004,0.375,0.0,0.289,1.0,1.127,0.81,0.1,0.0,0.508,0.985,1.0,0.811,0.044,0.706,1.325,0.846,1.046,0.0,0.0,0.0,1.099,0.851,0.926,1.0,0.402,0.0,front
1.091,0.663,0.136,0.515,0.3,0.0,0.913,1.0,0.0,0.0,0.275,0.0,0.316,1.0,1.127,0.819,0.1,0.0,0.938,1.082,1.102,0.842,0.022,0.0,1.325,0.923,1.385,4.0,0.0,0.0,0.865,0.532,0.892,1.0,0.399,0.0,front
0.86,0.632,0.021,0.465,0.295,0.0,2.435,1.15,0.0,0.0,1.1,0.0,0.316,1.029,1.127,0.81,0.1,0.0,0.523,0.985,1.0,0.968,0.148,0.471,1.325,0.862,1.062,0.0,0.0,0.0,1.099,1.234,0.932,0.571,0.409,0.0,front
1.091,0.644,0.056,0.495,0.3,0.0,0.913,1.026,0.0,0.0,1.125,0.0,1.079,1.882,1.206,0.819,0.1,0.0,0.815,1.076,1.234,1.137,0.159,1.353,1.6,0.938,1.062,0.0,0.0,0.0,0.943,1.085,1.101,0.0,0.409,0.0,front
1.091,0.652,0.104,0.535,0.305,0.0,2.348,1.145,0.0,0.007,0.35,0.0,0.289,1.147,1.413,1.086,0.387,0.0,0.708,1.069,1.195,0.916,0.022,0.0,1.7,1.077,1.092,0.0,0.0,0.0,0.915,1.064,1.101,0.81,0.405,0.0,front
1.098,0.655,0.085,0.505,0.3,0.0,2.391,1.145,0.0,0.0,0.3,0.0,0.316,1.0,1.111,0.81,0.087,0.0,0.523,0.982,0.984,0.789,0.011,0.0,1.663,1.308,1.108,0.0,0.0,0.0,0.865,0.511,0.899,0.667,0.409,0.0,front
1.105,0.662,0.106,0.525,0.305,0.0,1.043,1.062,0.0,0.004,0.55,0.0,0.342,1.059,1.159,0.81,0.1,0.0,0.523,0.985,1.0,0.789,0.016,0.0,1.375,1.154,1.523,1.5,0.0,0.0,0.872,0.553,0.905,0.548,0.402,0.0,front
1.105,0.662,0.106,0.525,0.305,0.0,1.043,1.062,0.0,0.004,0.55,0.0,0.342,1.059,1.159,0.81,0.1,0.0,0.523,0.985,1.0,0.789,0.016,0.0,1.375,1.154,1.523,1.5,0.0,0.0,0.872,0.553,0.905,0.548,0.402,0.0,front
1.105,0.662,0.106,0.525,0.305,0.0,1.043,1.062,0.0,0.004,0.55,0.0,0.342,1.059,1.159,0.81,0.1,0.0,0.523,0.985,1.0,0.789,0.016,0.0,1.375,1.154,1.523,1.5,0.0,0.0,0.872,0.553,0.905,0.548,0.402,0.0,front
1.105,0.662,0.106,0.525,0.305,0.0,1.043,1.062,0.0,0.004,0.55,0.0,0.342,1.059,1.159,0.81,0.1,0.0,0.523,0.985,1.0,0.789,0.016,0.0,1.375,1.154,1.523,1.5,0.0,0.0,0.872,0.553,0.905,0.548,0.402,0.0,front
1.105,0.662,0.106,0.525,0.305,0.0,1.043,1.062,0.0,0.004,0.55,0.0,0.342,1.059,1.159,0.81,0.1,0.0,0.523,0.985,1.0,0.789,0.016,0.0,1.375,1.154,1.523,1.5,0.0,0.0,0.872,0.553,0.905,0.548,0.402,0.0,front
1.105,0.662,0.106,0.525,0.305,0.0,1.043,1.062,0.0,0.004,0.55,0.0,0.342,1.059,1.159,0.81,0.1,0.0,0.523,0.985,1.0,0.789,0.016,0.0,1.375,1.154,1.523,1.5,0.0,0.0,0.872,0.553,0.905,0.548,0.402,0.0,front
1.119,0.665,0.106,0.556,0.315,0.0,1.609,1.026,0.0,0.0,0.35,0.0,0.395,1.088,1.159,0.838,0.125,0.0,1.015,1.094,1.289,1.158,0.176,1.412,1.35,0.877,1.077,0.0,0.0,0.0,0.879,0.574,0.912,1.0,0.415,0.0,front
1.105,0.668,0.101,0.556,0.315,0.0,0.957,1.004,0.0,0.0,0.325,0.0,1.105,1.882,1.238,0.829,0.15,0.0,0.969,1.015,1.023,0.821,0.082,1.235,1.337,0.862,1.062,0.0,0.0,0.0,0.879,0.553,0.905,1.0,0.409,0.0,front
1.105,0.668,0.101,0.556,0.315,0.0,0.957,1.004,0.0,0.0,0.325,0.0,1.105,1.882,1.238,0.829,0.15,0.0,0.969,1.015,1.023,0.821,0.082,1.235,1.337,0.862,1.062,0.0,0.0,0.0,0.879,0.553,0.905,1.0,0.409,0.0,front
1.105,0.668,0.101,0.556,0.315,0.0,0.957,1.004,0.0,0.0,0.325,0.0,1.105,1.882,1.238,0.829,0.15,0.0,0.969,1.015,1.023,0.821,0.082,1.235,1.337,0.862,1.062,0.0,0.0,0.0,0.879,0.553,0.905,1.0,0.409,0.0,front
1.105,0.668,0.101,0.556,0.315,0.0,0.957,1.004,0.0,0.0,0.325,0.0,1.105,1.882,1.238,0.829,0.15,0.0,0.969,1.015,1.023,0.821,0.082,1.235,1.337,0.862,1.062,0.0,0.0,0.0,0.879,0.553,0.905,1.0,0.409,0.0,front
1.105,0.668,0.101,0.556,0.315,0.0,0.957,1.004,0.0,0.0,0.325,0.0,1.105,1.882,1.238,0.829,0.15,0.0,0.969,1.015,1.023,0.821,0.082,1.235,1.337,0.862,1.062,0.0,0.0,0.0,0.879,0.553,0.905,1.0,0.409,0.0,front
1.105,0.668,0.101,0.556,0.315,0.0,0.957,1.004,0.0,0.0,0.325,0.0,1.105,1.882,1.238,0.829,0.15,0.0,0.969,1.015,1.023,0.821,0.082,1.235,1.337,0.862,1.062,0.0,0.0,0.0,0.879,0.553,0.905,1.0,0.409,0.0,front
1.105,0.66,0.072,0.505,0.31,0.0,1.652,1.132,1.086,0.0,1.125,0.0,0.342,1.059,1.143,0.819,0.1,0.0,0.523,0.988,1.008,0.811,0.022,0.0,1.337,0.862,1.062,0.0,0.0,0.0,1.121,1.106,0.953,1.071,0.412,0.0,front
0.881,0.631,0.077,0.515,0.31,0.0,1.043,1.009,1.0,0.0,0.325,0.0,0.395,1.088,1.159,0.829,0.125,0.0,0.892,1.048,1.055,0.779,0.033,0.0,1.362,0.892,1.092,0.0,0.0,0.095,0.894,0.574,0.912,1.143,0.412,0.0,front
1.098,0.651,0.125,0.596,0.315,0.0,1.261,1.013,1.0,0.0,0.325,0.0,0.368,1.059,1.159,0.829,0.112,0.0,0.738,0.997,1.023,0.758,0.033,0.0,1.362,0.877,1.077,0.0,0.0,0.0,0.879,0.553,0.905,1.119,0.412,0.0,front
1.098,0.644,0.098,0.818,0.415,0.167,2.478,1.15,1.088,0.016,0.425,0.0,1.184,1.882,1.286,0.838,0.112,0.0,0.538,0.988,1.0,0.547,0.033,0.0,1.337,0.862,1.062,0.0,0.0,0.0,0.872,0.553,0.905,1.071,0.412,0.0,front
0.86,0.649,0.04,0.505,0.34,3.667,1.826,1.132,1.091,0.0,0.3,0.0,0.342,1.382,1.571,1.114,0.475,0.039,0.508,0.985,1.0,0.747,0.027,0.0,1.388,0.877,1.062,0.0,0.0,0.0,0.879,0.553,0.905,1.095,0.412,0.0,front
